word,ポジティブ-ネガティブ,品が有る-品が無い,きれい-きたない,おだやか-乱暴,明るい-暗い,改まった-くだけた,かわいらしい-にくらしい,誠実-軽薄,面白い-つまらない,静かな-うるさい,安心-焦り,期待-驚き,喜び-悲しみ,怒り-怖れ,興奮-鎮静,好き-嫌い
連れパチ,-3,-27.5,-3,-1,3,-2,-5.5,-2.5,-2,-11,-1,-2.5,-1.5,-2,3,-20
ねらー,-14,-6.5,-14,17.5,-13,-10,-9.5,-16,14,13.5,-11,-7.5,-7.5,-15.5,-6,-13
おいやめろ,-11,-2,-2.5,-6.5,-5,1,-2.5,-3,-2.5,-5.5,-2.5,-4.5,-10,-5.5,-6,-1.5
チキン,-20.5,-4,-4.5,5.5,-6,-5,-9,-9,-5,13.5,-22,-8.5,-19,3,-4.5,-9
ワッフルワッフル,5,-1.5,1,3,3.5,-3,1.5,-4.5,1.5,-1.5,3,28.5,2.5,-4,29.5,1.5
ゲトる,16,-12.5,15,-13.5,17.5,-17.5,-8,-7,-18.5,18,-9,10.5,19.5,-9.5,9.5,5.5
やりちん,-19,-25.5,-15,-10,14.5,-19,-10,-20,-8.5,-13.5,-7.5,-11.5,-7.5,-9,1.5,-13.5
ギャル,-11.5,-8.5,-11.5,-7,18.5,-11.5,5,-17.5,9,-10,-9.5,-8.5,10.5,10,12.5,-13
あーねー,-0.5,-7.5,-6.5,-4,4.5,-7,3,-2.5,-3,-4.5,1.5,-2,0.5,0,4,2.5
すんごく,12,-8,8.5,12.5,8.5,-11.5,7,-9,9.5,-8,6.5,8.5,10,-4.5,12.5,-2.5
火病,-10.5,-14.5,-11,-6,-5,-3,-7,-10.5,-15,-18.5,-2.5,-6,-5,-4.5,9,-8
キワい,-1.5,-1,2.5,3.5,2.5,-11,-5,-1,-2.5,-3,-8,-6,-2,-4.5,7,-2
KY,-18.5,-14,-14.5,-22,16,-16.5,2.5,-12.5,9,-14.5,14.5,-18,11.5,-9,8,-7
アニソン,4.5,-7,12,8.5,9,-9,11.5,-18,8,-10.5,-7,9.5,6.5,-11,7.5,5.5
なべる,3.5,3.5,2.5,3,2.5,-7,1.5,1.5,2.5,-2.5,4.5,6,7.5,-2.5,3,6.5
地味婚,-11.5,-2,1,6,-24.5,-5,1.5,-2.5,-8,3,1.5,-2.5,-6,-4,-5,-2
セブン銀行,1.5,3,3,1,3,2.5,0.5,1.5,-4,1,1.5,1,0.5,-1.5,-7,2.5
カッコヨス,35.5,-10,-8.5,6.5,6.5,-15.5,-10,-7,-12.5,-15.5,-10,-8,1,-10,12,27.5
華麗にスルー,-8.5,-6,-3.5,-5,-12,-14,-13,-17.5,-11.5,35,-7,-2,-8,-10.5,-16,-15
モリモリ,4,-1.5,-4,-7.5,6.5,-3,2.5,-3,1.5,-2.5,1,8.5,4,-1.5,7,5.5
しかと,-32,-13.5,-11.5,10,-24,-9,-3,-20.5,-8,18,6,-8.5,-10,-19,-21,-20
ダヒリ,0,0,0,0,0,0,0,0,0,0,0,0,0,0,0,0
うぴつ,4,1.5,1.5,3.5,8.5,-8.5,4,3,8.5,4,3,22.5,2.5,-3,5,6.5
激おこスティックファイナリアリティぷんぷんドリーム,8.5,-9,-6.5,-14.5,14.5,-33.5,5,-8,5.5,-8.5,10,9.5,8,33.5,12.5,5
ノンスモ,0,0,0,0,0,0,0,0,0,0,0,0,0,0,0,0
グロメン,-46.5,-21.5,-45.5,-16,-22,-17,-23.5,-16,-20,-13.5,-20,-12.5,-21,10,-17,-41
ヤフオク,1.5,-0.5,1,2.5,1.5,-0.5,0,0.5,15.5,-1.5,0.5,3,2.5,-0.5,-0.5,2.5
池沼,-14,-27.5,-14,-15,16,-31,-8,-14.5,-10.5,-13.5,-13,-11.5,-12.5,9,-12,-12
パソ禁,-6.5,10.5,-14.5,12.5,-7,-6,-7.5,-9,-11.5,15,-7.5,11,-7.5,15.5,-3,-15
ぬるぽ,10.5,-8,-8,-13.5,16,-18,11.5,-17.5,11.5,-14,12.5,10,10.5,6,7.5,-5
荒らし,-37.5,-26.5,-11,-13,-9,-14,-11,-12,-19.5,-15,-14.5,-12.5,-16.5,17.5,7,-37
ファミチキ,14.5,-8,8.5,8,11.5,-28,16.5,-9.5,-11,-2.5,7,9.5,11.5,3.5,19.5,9.5
チャラい,-28,-22.5,-16,-18,14.5,-8.5,-7,-10,16,-8,-17.5,-11,9.5,8.5,9,-27
ツンデレ,14.5,-1,10,-7.5,15,-35.5,13,-6,16,-17,8.5,15,5.5,11.5,16.5,11
リア充,2.5,0,15.5,1,18,-16.5,10.5,2.5,15,-6.5,-6,3,1.5,-1.5,3.5,0
教中,0,0,0,0,0,0,0,0,0,0,0,0,0,0,0,0
メガマックス,0,0,0,0,0,0,0,0,0,0,0,0,0,0,0,0
コケた,-4.5,-4.5,-2.5,1,-6,-1.5,-2.5,-2.5,-3,2.5,-12.5,-3,-27.5,-5,1.5,-1.5
激おこぷんぷん丸,14,-8.5,3,11.5,16.5,-14.5,17.5,-11.5,16,-16.5,13.5,10.5,16,32,13,5
メロキュア,2.5,2.5,2.5,2.5,5,2.5,2.5,2.5,2.5,5,2.5,5,2.5,-2.5,5,2.5
イチャラブ,22,-8,11.5,-9.5,15,-12.5,13.5,-17.5,17,-13.5,14,16.5,20.5,12,16,15.5
プータロー,-25.5,-12,-18.5,-10,13.5,6.5,12,-5,9.5,4,-7.5,-10,-11,7,10,-5.5
マミる,-25,-9,-13.5,-14.5,-14,-21.5,-11.5,-10.5,13.5,-10.5,-14,-13.5,-7,-21,4.5,8.5
ロリ,10,-9,11,-9.5,12.5,-25.5,14,-15.5,13.5,-17.5,13.5,12,14.5,6.5,11.5,2
ヤバイ,-5,-7.5,-2.5,2.5,-2.5,-2.5,-7.5,-2.5,-2.5,-2.5,-2.5,-2.5,-5,2.5,17.5,-2.5
くぎゅ,11.5,-12,19,-11.5,17.5,-19.5,17,-7.5,16,-17,-7,7.5,-11,-12,9.5,6.5
2ch脳,-12,-6,-10,-5.5,-20,-11.5,-11.5,-11.5,-8.5,-6.5,-11,-6.5,7,-5.5,5,-9.5
wktk,8,2.5,3,7,4.5,-6,3.5,3,8.5,-3,3,40,3.5,-2,39.5,4.5
コピペ,-2.5,-11.5,-5,2.5,-2,-2,-2.5,-39,-8.5,2.5,-2.5,-2.5,-2,5,-6,-5
キャバ,-13,-10,-11,-16.5,-10,-14.5,-14.5,-8,-16.5,-18.5,-14.5,10,-10,6.5,11.5,-11
ガタブル,-13.5,-5.5,-9,-10,13.5,-24.5,14,-11.5,12.5,-12,-11,-17,-14.5,-21,7.5,-2.5
さーせん,-2,-8,-3,-2.5,4.5,-35.5,-9,-18.5,-3,-4,0.5,-5.5,-2,1.5,-2,-2.5
アサヒる,30.5,-2,4,5.5,3,-5,3,-1,-2.5,-2.5,3.5,7,16.5,-1,3,4.5
ハブっ,-4.5,-2.5,-2.5,-6,-6,-2.5,-2.5,-11.5,-4,1.5,-2.5,-4.5,-12,3,-4,-8
般若,-12,-10,-5,-19,-10.5,-10,-9.5,14.5,-6.5,-11.5,-9,-18.5,-9,25,10,-5
パクリ,-13.5,-13,-10,-13.5,-9,-12.5,-40.5,-38,-4.5,-1,-2.5,-2.5,-1,14.5,0.5,-29
サポ,0,0,0,0,0,0,0,0,0,0,0,0,0,0,0,0
タヒる,-1,-2.5,-1,2.5,-3,-2.5,-15.5,-2.5,-3,-2.5,1.5,-5,-26,2.5,2.5,2.5
ブヒる,-1.5,-12,-9,1.5,-1,-5,-4,-5,-1.5,-10.5,-1.5,-2.5,6.5,-2.5,19,2.5
ベタ,-4.5,-5,-1,3,3.5,-13.5,-2,-1,-0.5,7,3,2.5,0.5,-0.5,-2,3
末期的,-12,-15,-9,16,-24.5,15.5,-17,12,-13.5,13.5,-15,-15,-17,-25,-11.5,-13.5
クリスタルボーイ,0,0,0,0,0,0,0,0,0,0,0,0,0,0,0,0
セクロス,-11,-18,-13.5,-16.5,14,-17.5,-11.5,-23.5,-5,-8,-9,-10,-7,9,8,-4
テレリスト,0,0,0,0,0,0,0,0,0,0,0,0,0,0,0,0
ささぐれ,-5,0,0,0,0,0,0,0,0,0,0,0,0,0,0,-2.5
もっさり,-13.5,-1,-1.5,1.5,-1,-2.5,-2.5,-0.5,3,1.5,-1.5,-1.5,-2,-2,-1.5,-2.5
ニート,-12,-7,-14,-16,-15,-7.5,-19.5,-14,-8.5,22.5,-8.5,-12.5,-11,-24,-6,-16
やば,-7,-8.5,-13.5,-11,-13,-11.5,-10,-10,-10.5,-9,-12,-13.5,-13,8,-15.5,-5
ネトゲ実況,-8.5,-9.5,-14,-5,-10.5,-14.5,-10.5,-14.5,20,-13,10.5,9,11,-10.5,11.5,14
表紙買い,-1,1.5,9,1,-1.5,1.5,7,-2,2.5,0.5,0.5,-1,1,-1.5,-2,1.5
クソエイム,-8,-12.5,-10,-14,-1.5,-6.5,-10.5,-12.5,-1,-4.5,-6.5,-7.5,-2.5,10,4,-4.5
TDN,0,0,0,0,0,0,0,0,0,0,0,0,0,0,0,0
構ってちゃん,-2.5,-8,-5.5,-2.5,-2.5,-2.5,-17.5,-10,-8,-44.5,-2.5,-1,-5.5,2.5,5,-7
チケ,0.5,2,1.5,2.5,1.5,-2.5,1.5,2.5,2.5,2.5,1,2.5,2.5,-2.5,5,2.5
蒸しパルスィ,0,0,0,0,0,0,0,0,0,0,0,0,0,0,0,0
イナイレ,4.5,4,1,-12,22.5,-4.5,14,2.5,5,-11.5,1.5,2.5,3,-2.5,25.5,0
ヤク,-37.5,-19,-19.5,-15,-37.5,-14.5,-23.5,-18.5,-12,14,-18.5,-8.5,-24.5,-33.5,-15,-39.5
ネットスラング,0,0,0,0,0,-25,0,0,0,0,0,0,0,0,0,0
ニーソ,13.5,7.5,12.5,13,16,7,20,-12,-16.5,17,4,8,10,8.5,5,7
阿部る,0,0,0,0,0,0,0,0,0,0,0,0,0,0,0,0
全俺が泣いた,12,-6.5,10,10,14,-9,12,-14,22.5,11,-3,18.5,-9.5,-5,35.5,4
へっくしゅん,-2,-14.5,-19.5,-6.5,3,-7,-5,-7.5,1,-15,-5,-10,-2.5,-2,5,-2.5
ヤラミソ,0,0,0,0,0,0,0,0,0,0,0,0,0,0,0,0
ドナドナ,-13.5,10.5,8.5,15,-21.5,-10.5,-13,19.5,-12.5,10,-13.5,-9.5,-22.5,-11.5,-12.5,-11.5
ロリキュア,-10,-8,-11.5,-16.5,13,-22.5,14,-5,6.5,-11.5,-10,-7.5,-4,7.5,-6,5.5
アフィ,0,0,0,0,0,-10,0,0,0,0,0,0,0,0,0,0
マイケる,-7.5,-5,-2.5,2.5,-2,-2.5,-13,-15,-2.5,-5,-7.5,-7.5,-7.5,5,5,-5
禿同,12.5,1.5,1,0.5,1.5,-21.5,2.5,-2,0.5,2.5,1.5,3,2.5,-2,13,1
イキリコ豚,-12,-18.5,-7.5,-2,-10,-16.5,-8.5,-14.5,-7,-6.5,-7.5,-6.5,-6.5,4,-6,-13.5
卒サラ,0,0,0,0,0,-17,0,0,0,0,0,0,0,0,0,0
超,16,-11.5,15,16,13.5,-17.5,11,-7,17.5,-12.5,17,-12,18,21,25,8
DQN,-24.5,-49,-33.5,-45,24,-20,-34.5,-33,-6,-43.5,-2.5,-0.5,-5.5,11.5,4.5,-16.5
きよぶた,3,0.5,2.5,0.5,1.5,1,2.5,1,-3,-1.5,-2.5,3.5,-3,-2,3.5,1.5
ポチり,14,2.5,2.5,2.5,2.5,-2.5,2.5,-2.5,-5,2.5,2.5,2.5,15.5,-5,-2.5,2.5
ばり,0,0,0,0,0,0,0,0,0,0,0,0,0,0,0,0
(ry,6.5,-6,-6.5,7.5,1,-28.5,1,-5.5,3,6.5,0.5,-2.5,1,-0.5,-5,8
シオシオ,0,0,0,0,0,0,0,0,0,0,0,0,0,0,0,0
寺イケメン,2.5,2.5,27.5,2.5,2.5,2.5,-10,2.5,-5,-5,2.5,2.5,5,-2.5,-2.5,2.5
ポチる,5,1.5,1,6,2.5,-5.5,3,-2.5,0.5,4.5,4,2.5,11.5,-1,5,3.5
何気に,12,10.5,13,7,13.5,-15,12.5,-9.5,-10.5,11,8.5,-11.5,9.5,-10.5,-5,3
後遺症フラグ,-10,9.5,-17,13.5,-13,-7,-10,-16,-15.5,11,-8,-15.5,-8,-10,-10.5,12.5
キモイ,-37.5,-19,-21.5,-14.5,-21,-22,-13,-20,-12.5,11.5,-11.5,-10,-14.5,-13.5,-17.5,-27.5
B層,0,0,0,0,0,0,0,0,0,0,0,0,0,0,0,0
デブキモ,-11.5,-12.5,-24,-4.5,-5,-2,-4.5,-5,-4.5,-4,-2.5,-3,-13.5,4.5,-4,-6
うぴ主,4.5,1,1.5,2.5,1.5,-8,5,2.5,3,-5.5,4,12.5,7,-5.5,6.5,12.5
きもい,-39.5,-11.5,-19.5,5.5,-14.5,-17,-16,-15.5,-12,16.5,-14.5,-17.5,-15,-10.5,-10,-39
儲,2.5,2.5,-2.5,2.5,2.5,3.5,-5,1.5,-3,2.5,2,3,1.5,-2.5,-2.5,4
エロい,1,-24.5,-6.5,-2,5.5,-6,3,-9,-2,-5,-2.5,-7.5,1,1.5,15,-2.5
ワロス,-6.5,-5,-8,-12.5,-6,-21.5,-5,-9,21.5,-13.5,-12.5,10.5,8.5,-8,10,-2.5
やべ,-2.5,-0.5,-1,-1.5,-0.5,-1,-4.5,-2,-1,-1,-34,-0.5,-1,-1,1,0.5
ダサく,-14.5,-2.5,-14.5,2.5,-2.5,-2.5,-2.5,-2.5,-2.5,2.5,-2.5,-2.5,-7.5,-2.5,-2.5,-20
バイブ,2.5,-25,-10,-1.5,-4,-0.5,1,-8,-2,-13,-2.5,-1,1,0,8.5,0
というか,12,-11,-8,9.5,10.5,-13.5,-10,-22,8.5,14.5,11.5,8,16.5,-11,5,7.5
QBK,0,0,0,0,0,0,0,0,0,0,0,0,0,0,0,0
DQNネーム,-36,-16.5,-8,-8.5,-1.5,-8.5,-17.5,-25,-1,-5,-1.5,-4,-2,5,-1,-32
キャラデザ,9.5,8.5,16.5,13.5,10,-17.5,11,10,-10.5,12.5,12.5,10.5,14,-8,2.5,10
スタメン,20,3.5,14.5,11.5,12,-18,9,-9.5,-12.5,9,7.5,20,5.5,4,11.5,15
ガクガクブルブル,-23,-8.5,-7,8.5,-12.5,-18.5,10,-11.5,7.5,8.5,-6.5,-6,-7,-39.5,-12.5,2
ださい,-19,-12.5,-17,10,-12,-13.5,-5.5,-17.5,9.5,11,-12,-8,-13.5,-6.5,-10.5,-7.5
イタ車,17.5,-6,-3,3,5,-4.5,-4,-2.5,8.5,-8,-2.5,-13.5,-3,-3,6.5,2
ヤバイ,-4,-1,-1.5,1,-2,-0.5,1.5,-2.5,1.5,-2,-2.5,-28,-2,-2.5,29,-0.5
盛り女,-5,-17.5,-5.5,-3.5,-2.5,-2.5,-6,-7.5,-4,-4,-4,-3,-2,-3,-7,-4
ダントツ,15,-6,13.5,-12,12,-16,-13.5,12,17,-4.5,16,23,19,-10,16.5,10.5
チャラ男,-8.5,-22,-10.5,-9.5,16,-16.5,-10,-12.5,19.5,-17,-11.5,-10,-9,17,13.5,-7.5
おま国,0,0,0,0,0,0,0,0,0,0,0,0,0,0,0,0
ゴチ,20.5,-12,-16,14,13.5,-20,16,-19,12,11,17.5,17,18,-8,19,4.5
なんていらんかったんや,-4.5,-6,-6,-15,-10,-14.5,-6.5,-16,14.5,13.5,-8.5,19,-15.5,-9,-8,-14
ゆのまる,0,0,0,0,0,0,0,0,0,0,0,0,0,0,0,0
バッキャロー,19,-8,-14,-12.5,17,-5.5,13,-11,20,-12.5,14.5,-10,7,16.5,15,6.5
ゲサロ,0,0,0,0,0,0,0,0,0,0,0,0,0,0,0,0
マンコ,-2.5,-47,-4.5,3.5,-2.5,4,-4,-22.5,-11.5,-8,-4.5,-5.5,4,-1.5,8.5,-4.5
乱数厨,-9,-2.5,-2,-12,-2.5,5,-9,-5.5,-3,-4.5,6,-7.5,-5,-4,-8,4.5
ネトゲー,-25.5,-6,-3,-8,-25.5,-18,2,-12,17,-9,5.5,9,11.5,7.5,23.5,-10
解脱房,0,0,0,0,0,0,0,0,0,0,0,0,0,0,0,0
おっつー,1.5,1.5,1,4.5,8.5,-21.5,-1.5,2.5,-3,-2.5,3,2.5,4.5,-2.5,1,7.5
クロガミ,0,0,0,0,0,0,0,0,0,0,0,0,0,0,0,0
萌え系,1,-12.5,13,13.5,10,-16,16.5,-19.5,14.5,-12.5,16,10,14.5,9,19.5,6.5
オタ車,11,-1,-5,1.5,-1,-5.5,-2,-1.5,3,-1,-2,-7.5,-1,-0.5,0.5,-1.5
乞食,-20.5,-15,-2,-1.5,-5.5,-7,-15.5,-16,-4,-16,-2.5,-1.5,-1.5,6.5,4.5,-8
亀レス,-4,-2.5,-2,2.5,-2.5,-2.5,-8.5,-7.5,-2.5,2.5,-2.5,-2.5,-2.5,2.5,-2.5,-2.5
うせうせぼっ!,-2.5,-4.5,-2.5,-9,-2.5,-5,-6.5,-8,-2.5,-7.5,2.5,-2.5,-2.5,2.5,5,-6
ジト目,-3,-2.5,-4,4,-5,-2.5,6,-1,-2.5,3.5,1.5,-2.5,-5.5,-2.5,-9,2.5
メンテ,-11.5,19,16,12,-5.5,8.5,-9,13.5,-9,14.5,15,16.5,-7,-13.5,-10.5,-7.5
ムカつく,-37.5,-9.5,-11,-19,-13,-18,-35.5,-14,-13.5,-16.5,-14.5,-12,-7.5,35,8,-38.5
記念カキコ,2.5,1.5,1.5,3,1.5,-2,-1.5,3,-3,3,2.5,1,3,-0.5,10,0.5
オタ充,5,3.5,1.5,3.5,6,-12,2.5,-1.5,1.5,4.5,3,1.5,4.5,-2.5,-7.5,1
スゲェ,28.5,-16.5,-6,-16.5,13.5,-22.5,9.5,-16,12.5,-13.5,12.5,39.5,15,7.5,33,14.5
ネットイナゴ,-2,-1,-1,-0.5,-0.5,-1.5,-0.5,-0.5,-1.5,0.5,-2,-1,-1,-1,-1,-0.5
野愛におし,0,0,0,0,0,0,0,0,0,0,0,0,0,0,0,0
pgr,0,0,0,0,0,0,0,0,0,0,0,0,0,0,0,0
お泊りデート,-12.5,-8,14.5,10,-14,-9.5,14,-11.5,-10.5,11.5,-7.5,-14.5,-11.5,9.5,-5,-12
SKK,0,0,0,0,0,0,0,0,0,0,0,0,0,0,0,0
芦屋マダム,0,0,0,0,0,0,0,0,0,0,0,0,0,0,0,0
うっとおしい,-18,-5.5,-12.5,-15.5,-11,-18,-10,-17,-10,-14.5,-19.5,-12.5,-12.5,17.5,-8,-20.5
鬼女,-18,-6,-4,-21.5,-15,2.5,-10,-10.5,-4,-11.5,-12,-12,-4.5,-14,5,-4
タイトル買い,3,2.5,1.5,1.5,1.5,4.5,-5.5,1.5,-2.5,0.5,4,2.5,3,-1,18.5,-0.5
ドン引き,-25.5,-2.5,-3,2.5,-5,-2.5,-0.5,-2.5,-11,2.5,-3,-7.5,-12.5,-6,-2.5,-27.5
インフル,-8.5,9,10,14.5,-12,7,-18,11,-21.5,10,-20,-10,-19,-14.5,-16.5,-16
人外,-10,-15,-12.5,-7,-13.5,-30.5,-12,-13.5,12,-16,-11,12,16,-13.5,15,4
吉野家コピペ,-1,-2.5,-3,-7,-2.5,-2,-4.5,-2,5.5,-8,-3,-4,-2.5,3,3,1.5
チャパツ,-5.5,-8,1.5,1,14.5,-22.5,-3,-2,-1,-27.5,1.5,-2.5,1,2.5,6,-0.5
へタレ,-10,-7,-6,11.5,-10,-10.5,11.5,14,-8.5,12.5,9.5,3,-7.5,7,-2.5,13.5
キティ,3.5,5.5,3,7.5,11.5,-4,9.5,4.5,1,-3,7,6,4,0,8.5,4.5
アレゲ,0,0,0,0,0,0,0,0,0,0,0,0,0,0,0,0
絵師,6,5,2,2.5,-2.5,2.5,2.5,4,2.5,16,2.5,6,5,-0.5,-5,8.5
銭コア,0,0,0,0,0,0,0,0,0,0,0,0,0,0,0,0
出会い系,-2,-18,-6.5,2.5,-4,-6,-2.5,-32,-1.5,-4,-5,-10.5,-2.5,3.5,-2.5,-7.5
キレキレ,22.5,-6,7.5,-9.5,16.5,-10.5,11,-10,12.5,-9,20.5,18,14,15,17.5,15.5
プチ流行り,10.5,-10,10,10,12.5,-9.5,13.5,-12,10,-13.5,22,10,10,-5.5,11,4
連投ツイ,-6.5,-6.5,-8,-17,9.5,-13.5,8,-18.5,7,-10,-11.5,9,10,-6,7.5,-7.5
カチキレ,-4,-9,-5,-29,-2.5,-4.5,-9,-2.5,-3,-6,-4,-3,-1,7,5,-3
めんどい,-25.5,-5,-7.5,-11,-14.5,-11,-14.5,-10,-16.5,5,-5.5,-3,-5,3.5,-2,-3
病み期,-11,-5,-17,-9,-19.5,-8.5,-12.5,-12.5,-17.5,13.5,-12.5,-10.5,-13.5,-18.5,-7,-7.5
割ってみた,-6.5,-10,-8,-11.5,-7.5,-6.5,-21,-37,-4,-7.5,-8,-18,-1.5,-2,10,-5
ヤラハタ,0,0,0,0,0,0,0,0,0,0,0,0,0,0,0,0
おｋ,11.5,-8.5,13,-14,12,-18.5,9.5,-13.5,11.5,-9,6,13,9,-7,6.5,15.5
ミリロンパ,0,0,0,0,0,0,0,0,0,0,0,0,0,0,0,0
すっごく,18.5,-12.5,13.5,-10.5,11.5,-21.5,16,-4,14,-12.5,21.5,20.5,25,4,8,11.5
ソロ充,-8,-6.5,-7,9,10.5,-12.5,-8.5,-12.5,-10,10.5,-11.5,-7,-10,-7.5,-5,-1.5
友愛,16,17,16,11,13.5,13.5,17.5,10.5,-11,12.5,16,13.5,13,-10,9.5,12
在日,-13,-6,-7,-10,-7,-28,-5,-5,-9,8,-4.5,-10,-2.5,-7.5,-5,-4.5
メニアック,0,0,0,0,0,0,0,0,0,0,0,0,0,0,0,0
フルケン,0,0,0,0,0,0,0,0,0,0,0,0,0,0,0,0
kwsk,3.5,-2,3,-2.5,1,-13.5,-4,1.5,1,2.5,2.5,15.5,1.5,-2,13,3
オカマ,-1,5,-3,3,28,4,-3,5,28.5,5,-2.5,-5.5,3,-5,5.5,1
オタく,-18.5,-14,-17,14,-13.5,-10.5,-7.5,-18,-11.5,15,-11.5,-5,-9.5,-19.5,-12,-12
ユニバデート,0,0,0,0,0,0,0,0,0,0,0,0,0,0,0,0
つべ,7.5,-0.5,4,3.5,1.5,-1,1,-2,3.5,1,0.5,1,1,-0.5,-1,0
BL,2.5,-4,-12.5,1,2.5,-2.5,-3,-13.5,-6,-12,-5,-2.5,-4,-2.5,8,-10
オフる,5,2.5,1,1.5,4,-7,-2.5,-8,5,-7,1,4,2.5,-2.5,-2.5,2.5
お祈りメール,-33,19,11.5,15,-13,15.5,-25,14,-25,13.5,-25,-20.5,-13.5,-25,-7,-25
あめた,0,0,0,0,0,0,0,0,0,0,0,0,0,0,0,0
路チュウ,-11,-18.5,-7,-12.5,11,-34,-7.5,-21,-8.5,-8.5,-12.5,-10,15.5,10,12,-7
VIP先生,-9,-2.5,8.5,-7,12,-17,-9,-18.5,10.5,-20,11.5,17,14,5.5,12.5,6
すらい,0,0,0,0,0,0,0,0,0,0,0,0,0,0,0,0
ダベっ,0,0,0,0,0,0,0,0,0,0,0,0,0,0,0,0
フェミ男,0,0,0,0,0,0,0,0,0,0,0,0,0,0,0,0
なう,20,-6,4.5,9,12,-38,16,-11,15.5,6,8.5,3,2.5,0,13,16
ひなティ,0,0,0,0,0,0,0,0,0,0,0,0,0,0,0,0
筆おろし,2.5,-22.5,1.5,4.5,1.5,0.5,3,4.5,-1.5,5.5,1,3,0,0,-3,-25
理女,-3,1.5,1.5,1,-1,-2,-5,1,-1.5,-1,1,1,2.5,-4.5,3.5,1.5
乙カレー,11,1,2.5,7,4.5,-4.5,3,1.5,-3,4,3.5,4,2.5,-1,-5.5,1
ノーヘル,-11,-10.5,-10,-10,-4.5,-23.5,-11.5,-18,-7,12.5,-14.5,-17.5,-10,-16,15,-11
ショボイ,-38,-5,-14,-7.5,-9,-19,-10,-7,-30.5,-9.5,-6.5,-9,-5.5,-8.5,-20.5,-19
ネチズン,0,0,0,0,0,0,0,0,0,0,0,0,0,0,0,0
ムカツク,-17.5,-19.5,-11,-21.5,-2.5,-9,-11,-7,-1.5,-16.5,-2.5,-4,-2,21.5,16.5,-0.5
ジミ婚,-6.5,3.5,-6,8,-8.5,-10,8,5.5,5.5,23,10.5,-10,15,-9,-6,15
毎コメ,0,0,0,0,0,0,0,0,0,0,0,0,0,0,0,0
きぼんぬ,0.5,-5,-0.5,2.5,2.5,-31.5,1.5,-9,0.5,-14.5,2.5,1,0.5,0,-1,2.5
しっこくハウス,0,0,0,0,0,0,0,0,0,0,0,0,0,0,0,0
dat落ち,0,0,0,0,0,0,0,0,0,0,0,0,0,0,0,0
クラメン,0,0,0,0,0,0,0,0,0,0,0,0,0,0,0,0
残飯系女子,-15,-8,-12.5,19.5,-12.5,10,-12.5,14,-10.5,19,-6.5,-14,-3.5,-17,-10,-17
リバース,0,0,0,0,0,0,0,0,0,0,0,0,0,0,0,0
特定,-6.5,8.5,5.5,9.5,-5,6,-12,8.5,-7.5,6,-8,-9,-6.5,-22,-10,-6
空気,-19,0,1.5,0,-15.5,0,0,0,0,0,0,0,0,0,0,0
凸待ち,4,3,1,3,-3,-2.5,-2,2.5,8,1.5,3,8.5,1,-1,-4.5,2.5
シケ男,-6,-5.5,-2.5,3.5,-21.5,-8,-2.5,-2.5,-11.5,4.5,-5,-4.5,-8,-1,-1,-0.5
喪女,-32.5,-10,-13.5,12,-12.5,0.5,-16,14,-11.5,17,15,10,-6.5,-7.5,-5,-7
ラノベ,18.5,3,17,7,-3.5,-9,9.5,-6.5,10.5,3.5,2.5,3.5,5.5,0,7,10
弾幕,33.5,-8.5,11.5,-17,13,-13,-11,-14.5,9.5,-31.5,9.5,10.5,6.5,8.5,34.5,4
キモス,-15,-5,-12.5,-2.5,-5,-2.5,-7.5,-7.5,-5,-2.5,-2.5,-2.5,-5,2.5,-2.5,-2.5
ラブリー,19,-6,-4,2.5,15,-6.5,19.5,-8,-3,-10,-6,-2.5,3.5,1.5,6.5,-5.5
セレカジ,0,0,0,0,0,0,0,0,0,0,0,0,0,0,0,0
かっけー,27.5,-13.5,15.5,12,20,-17.5,15,-17.5,20,-16.5,18.5,18.5,19,19.5,25,15.5
オーストコリア,0,0,0,0,0,0,0,0,0,0,0,0,0,0,0,0
スマソ,-16.5,-6,-11,7.5,10,-16.5,9,-12,14,10,14,6,-18.5,10,-7,-2.5
おさーんホイホイ,11.5,-3.5,-7,-8,15.5,-18.5,13.5,-21,13.5,-13.5,15,7.5,9.5,-9.5,10,11
ヤツハカ,0,0,0,0,0,0,0,0,0,0,0,0,0,0,0,0
月9,1,0,-1,2.5,2.5,-4,2.5,-1.5,-22.5,-1,0.5,12.5,3,-1,4.5,-13
ちょwwwwwwwwww,-1,-23.5,-6.5,-8,7,-19.5,-4.5,-40.5,4,-24,-19.5,-17,4,-2,20,7
おさーん,-6,-9.5,-16.5,-11.5,-11,-18,-10.5,-21,-5.5,-5,-15,-13.5,-9,9,-6,-7.5
チョメり,0,0,0,0,0,0,0,0,0,0,0,0,0,0,0,0
オニドリル,7,6.5,1.5,5,3.5,5.5,2,3.5,3,-6,6.5,2.5,-4.5,-5,-2.5,2.5
クグレカス,-17.5,-6.5,-15,-16,9,-14.5,-10.5,-19,7.5,-15.5,12,-8.5,13.5,7.5,5.5,-6.5
デブス,-33.5,-20,-10,10.5,-15,-17.5,-15,-11.5,-15,-15.5,-15.5,-12,-17,-12.5,-13.5,-47.5
メタボっ,-15.5,-13,-2,-2,-4,-1,-7.5,-6,-2.5,-2,-2.5,-1.5,-5.5,-5,1.5,-3
迫真,0.5,-2.5,-2.5,-2.5,2.5,-2.5,-7.5,-2.5,2.5,-2.5,-2.5,-2.5,2.5,-2.5,-22.5,2.5
愛国無罪,0,0,0,0,0,0,0,0,0,0,0,0,0,0,0,0
放射脳,-19.5,-25,-4,-3,-2,-4,-18.5,-22.5,-17.5,-37.5,-2.5,-6.5,-2.5,14,8.5,-21
ショップ店員,10.5,9,10.5,19.5,13.5,15.5,18.5,8.5,10,17,10,11.5,7.5,-15,5,5
モニョる,0,0,0,0,0,0,0,0,0,0,0,0,0,0,0,0
タシタシ,0,0,0,0,0,0,0,0,0,0,0,0,0,0,0,0
震えが止まらん...,-2.5,-5,-2.5,-2.5,-2.5,-2.5,-2.5,-2.5,-2.5,-2.5,-11.5,-5,-2.5,-16,21,-2.5
モチモチ,11.5,12.5,15.5,11.5,12,-12.5,15.5,-10,10.5,10.5,10.5,14.5,11.5,9,15.5,18.5
副垢,-9,-3,-3,3,-9.5,-8,-4,-6.5,-16.5,10,4,-6.5,4,5,-4.5,-6.5
にがる,0,0,0,0,0,0,0,0,0,0,0,0,0,0,0,0
B地区,5,-33.5,-2.5,5,3,-8.5,3.5,-16,2.5,1,1,-7.5,1.5,-0.5,5,-25
アンチ,-37,10.5,-10,12,-9,-6,-8,-7,-8.5,11.5,-7,-10,-8.5,-14.5,-4,-32.5
古参,3,-4,2.5,-1.5,5,-1,1.5,1,2.5,-14,1.5,-4,0.5,-3,5.5,2.5
(震え声),1.5,-5,-0.5,3,-1.5,-6,-6.5,1.5,6,3.5,-22,-2.5,1,-2,-2.5,3.5
寝モバ,-1.5,-2.5,-3,3,-8,-4.5,-1.5,-1.5,-1,4,1.5,-5,-0.5,-1,-7.5,2.5
touya,0,0,0,0,0,0,0,0,0,0,0,0,0,0,0,0
キモメン,-36,-14,-16.5,12,-24,-11,-12.5,-12.5,-12.5,12.5,-11,-12.5,-8.5,-10,-10,-22
意味不明,-11,-5,-4,-2.5,-1,-2.5,-2.5,-2.5,-9,-2.5,-1,-2.5,-5,2.5,-4,-2.5
モヤる,-15,-8.5,-23,10,-25,-8,11.5,-12.5,-9,11.5,-10,-15.5,-7.5,-10,-4,-7
ネカマ,-22,-9,-17.5,-4.5,-15.5,-12.5,-17.5,-10,-21,-17.5,-19.5,-12,-10,-8,-9,-22.5
ムカつく,-7,-11,-9,-5,-5.5,-5.5,-17,-2,-4.5,-11,-6,-4.5,-4.5,34.5,13.5,-2.5
シコシコヤッター,3.5,-35.5,-7,-2,3,-5,-4,-2.5,3,-9,-4,-2.5,3,-4,6,3.5
インフレーション,9.5,11.5,10,12.5,11.5,5,10.5,11,-9.5,9.5,10,6.5,6.5,-7,-7,4
よーやっと,0,0,0,0,0,-12,0,0,0,0,0,0,0,0,0,0
fkrks,-2,-2,-3,-5,2.5,-2.5,-9,-2.5,6,-2,-2,-2.5,-2,-4.5,1.5,3.5
爆死,-13,-11,-7.5,-7.5,12.5,-11,-5,-6.5,13.5,-10.5,-6.5,2,-8.5,-10.5,8,-12.5
お兄系,3,-2,1.5,-2.5,3,-4.5,-5.5,-1.5,-4,-4,3.5,4.5,1,-4.5,2.5,3
遠恋,-3.5,1.5,-2,-1,-4.5,-0.5,-3,-2.5,-4,-1,-2.5,-1.5,-2,-0.5,-3,-0.5
できますん,-8,-2,-5,-2.5,-2.5,-10,-6,-2.5,-2.5,-4,-6,1,-3,2.5,-6,-4.5
クンロク,0,0,0,0,0,0,0,0,0,0,0,0,0,0,0,0
ムカつく ,-5,-10,-1.5,-2,-2,-2.5,-9,-5.5,-2.5,-3,-1,-3,-1,14.5,3,-4.5
ノンケ,2.5,1.5,2.5,2.5,2.5,-10.5,-2.5,2.5,5,1.5,2.5,-4,2.5,-2.5,-1,6.5
めさめさ,0,0,0,0,0,0,0,0,0,0,0,0,0,0,0,0
除草,3.5,3.5,3,-3,-2,-2.5,-7,-3,6,1.5,4.5,1.5,-4.5,-4,6.5,3
キレそう,-14,-7.5,-8,-11,-15.5,-11,-10.5,-12.5,-17.5,-4,-16,-10,-10.5,-3,-7.5,-2.5
ギタフリ,0,0,0,0,0,-25,0,0,0,0,0,0,0,0,0,0
ヘラる,0,0,0,0,0,0,0,0,0,0,0,0,0,0,0,0
ブロニー,0,0,0,0,0,0,0,0,0,0,0,0,0,0,0,0
おにゃのこ,4,-1,3.5,2.5,3.5,-6,-7.5,-1.5,2.5,-3,4.5,3.5,6,-2,3.5,3
イカす,18,-9.5,6,-6.5,13,-22,16.5,-21,14.5,-17,14.5,14,5.5,9,6.5,7.5
老害,-30.5,-19.5,-14,-7.5,-4.5,-4.5,-39,-20,-21.5,-22,-3,-7.5,-10.5,20.5,11,-26
グラサン,2.5,2.5,-2.5,2.5,-2.5,2.5,-2.5,2.5,-2.5,2.5,2.5,-2.5,2.5,-20,-2.5,2.5
死亡フラグ,-5.5,-2.5,-1,5,-6.5,-6.5,-16.5,-2.5,24.5,5,-4,11,-12.5,-2.5,2.5,2.5
ヅダる,0,0,0,0,0,0,0,0,0,0,0,0,0,0,0,0
固定砲台,3,1.5,3,1.5,4,1.5,2.5,3,-8.5,6,2.5,-1,3.5,-2.5,-2.5,0
メチャ,2.5,-2,-5,-6,5,-1.5,-3,-1,1.5,-6.5,2.5,1.5,1.5,-1.5,13,1
ガチムチモンスター,2.5,-6.5,-20.5,3.5,7,-2.5,-3,-2,12.5,-14,-4.5,-2.5,-4,-9,7,3
ぱちもん,-16,-8,-16.5,-12.5,14.5,-20,-12.5,-25,-25,-8.5,-12,-20,-15.5,-13.5,-5.5,-18
うざすぎる,-26,-14,-19,-14,-6.5,-14.5,-12,-15.5,-13.5,-25,-17.5,-22.5,-11.5,25.5,-14,-23.5
香ばしい,17,2.5,6.5,-5,9,-6.5,3,-4,-5,-7,7,8,10,-5,17.5,5.5
モテキ,8,3.5,4,1.5,4,-4,-4,-2,3.5,-5.5,-7,29.5,3.5,-4,30,1.5
うｐ,8.5,2.5,1,2.5,3,-3,3.5,2.5,2.5,-4.5,3,11.5,1,-5.5,3,6.5
訳わかめ,-21,-2.5,4,3.5,3.5,-8.5,-2.5,-4,4,3.5,3,-6,5,-5,3,1.5
ブルー,-33,11.5,7.5,16,-39,-9,-11.5,-7,-10,12,-15.5,-10,-44,-12,-25,-42.5
チクっ,14,-14,-10,13.5,7.5,-18,16,-13.5,15.5,10,8.5,-13.5,7.5,12,12.5,8
弾薬,-1.5,-1,-2.5,-17.5,-2,1,-1.5,1.5,-0.5,-2.5,-1,-4.5,-1.5,-18.5,1,-2.5
ドングァ,0,0,0,0,0,0,0,0,0,0,0,0,0,0,0,0
アドパ,0,0,0,0,0,0,0,0,0,0,0,0,0,0,0,0
イケメン,8.5,1,19.5,1.5,7,-4.5,-2.5,-2,2.5,2.5,5,5.5,2.5,-4,-5,3
チャラかっこいい,2.5,-6,-2.5,-5.5,19.5,-2.5,-17.5,-7.5,-2.5,-7.5,-2.5,-2.5,-2,-2.5,4,-2.5
ウリイルボン,-14.5,-15,-7,-4,-8,-4.5,-7.5,-6.5,-7,-3,-2,-5,-6,3.5,-4,-11.5
原作レイプ,-30,-6,-7.5,4.5,-5,-4.5,-25,-6.5,-25,-10.5,-9,-5.5,-24.5,34.5,-6.5,-19.5
キレる,-8.5,-5.5,-3,-25,-3,-6,-10,-16.5,-2.5,-8.5,-7.5,-4.5,-5,45,25,-4.5
フグリ,-4.5,-25,-25,-2,-1.5,-6.5,-4,-25,1,-2.5,-2,-4.5,-1,-2,5,-7.5
ぐぎぎ,-11.5,-8.5,-4.5,-14,-7.5,-11.5,-7,-12,-8.5,-13.5,-5,-11,-11,-4.5,-10,6
メッチャ,10,-11,-10.5,-14,12.5,-12.5,14.5,-18.5,18,-8.5,18.5,14,7,9,20,15
メシウマ,5,-27,-5,2.5,4.5,-4.5,-23,-10,4.5,-4.5,1,-6,-5,6,22,4
嫌よ嫌よも好きのうち,13.5,-3,-2,-4,4,2.5,-4,-9,-2.5,-5.5,-1,-1.5,-2,-3,5,-3
大きいお友達,-17,-20,-13,8,-13.5,4,-43,-7.5,-19.5,-15.5,-5.5,-10,-12.5,-6.5,14,-10
ボキャ貧,-20.5,-8.5,-1,-3,-1,-5.5,-3,-3,-23,-2.5,-5,-10,-8.5,-2,-1,-7.5
半ケツ,-9.5,-17.5,-21,-13,19,-16,-11.5,-20,-12,-10.5,-7,-11.5,-5.5,-6.5,6,-15.5
ググる,12.5,-8,9,4.5,15,-22.5,-5,2.5,16.5,18,25,14.5,12,10,10,10
デュクシ,9,-10.5,-12.5,-21,17,-17.5,-5,-14,17.5,-14.5,12.5,-8.5,9.5,9,17.5,-5
太宰メソッド,0,0,0,0,0,0,0,0,0,0,0,0,0,0,0,0
クソワロタ,12.5,-12,-10,-17.5,21.5,-20.5,-10,-20,12,-15.5,12.5,-10,18.5,2.5,14,10
ソフバン,4,8,12.5,20.5,17,-40,6,8.5,12.5,-11,15.5,9,15.5,-8.5,11.5,3
モロ被り,-4,-1.5,-0.5,1,-2,-1,-2.5,-4,-20,0.5,-1.5,-1.5,-4,1.5,1.5,-2
ググれ,3,1,-5,-7.5,-2.5,-4,-28,-1,-2.5,-6,-5,-3,-2.5,2.5,3,1
ケバイ,-36,-33,-38.5,-13.5,7,-25.5,-14,-19.5,-10,-10.5,-12.5,-12.5,-10,-6,-10,-43
ジベタリアン,-6.5,-16.5,-18,-3,-7.5,-5,-23,-19,-6,-20,-2,-4,-2,3.5,0.5,-10
昇天,-2,1.5,2.5,2.5,-2,3,-1.5,2.5,-1,9.5,2.5,-5,-5,-5.5,9.5,-2.5
ヲチ,0,0,0,0,0,0,0,0,0,0,0,0,0,0,0,0
ひでぇ,-4,-4.5,-2,-3.5,-7.5,-10.5,-2.5,-2.5,-5.5,-6,-2,-3,-14,1.5,-5,0
串,8,-9,-8.5,4,-10,-10,-9,-8.5,4,-9.5,-7,6.5,-6,-9,8,-8.5
ガセネタ,-10,-7.5,-5,-14.5,-5,-10,-17.5,-11.5,-7.5,-13.5,-12.5,10.5,-7.5,-6.5,2.5,-15.5
ラスボス,12.5,9,-8.5,-10,-5,-14,-13.5,-7.5,19,10,-8.5,12,12,10,24.5,7.5
ちょー,10.5,-9,-6.5,-13,14,-9.5,-6,-10.5,10,-10.5,10.5,-19,18,7,11.5,3.5
ありござ,4,3.5,2.5,5.5,2.5,-18,-3,-5,-3,4.5,5,-4,2.5,1,-3.5,-2
プロキシ,-13,2.5,2.5,2.5,-27.5,2.5,-2.5,2.5,5,2.5,2.5,2.5,2.5,-2.5,-5,2.5
厨化,-7,-4,-7,2.5,-5,-6,-6.5,-1,-2,1.5,-5.5,2.5,-2.5,-1.5,5,-1
やまんば,-14.5,-17,-23,-25,-20.5,-25,-18.5,-19.5,12,-16.5,-11.5,-5,-15,-17.5,3.5,-18.5
台バン,-11.5,-5.5,-12,-25,-18,-18,-20.5,-25,-21,-19,-22,-10.5,-12.5,10,12.5,-9
耳コピ,1.5,1.5,2.5,1.5,3,-3,1,1.5,2.5,1.5,1.5,6,1,-3,1,2.5
JK,3,-13,-5,-5,13.5,-10,12.5,-17,-4.5,-20,-2.5,1.5,1.5,-3,4.5,1.5
エコ速い,0,0,0,0,0,0,0,0,0,0,0,0,0,0,0,0
プテラ,0,0,0,0,0,0,0,0,0,0,0,0,0,0,0,0
天パ,-8,-2.5,-0.5,0.5,-7.5,-1,3,-1,1.5,4.5,-2,-0.5,-0.5,0,4,0
下座っ,0,0,0,0,0,0,0,0,0,0,0,0,0,0,0,0
非リア,-26,-10.5,-14.5,8,-11.5,-28,-5,14.5,-12.5,20.5,-17,-15.5,-12.5,-14.5,-7.5,-19.5
ソロコン,0,0,0,0,0,0,0,0,0,0,0,0,0,0,0,0
チンカス,-12,-23.5,-26,-18,-16.5,-16,-12.5,-14.5,-16.5,-19.5,-14.5,-14,-16,7,8,-15
ダーピー,0,0,0,0,0,0,0,0,0,0,0,0,0,0,0,0
パネぇ,2.5,-5,-2.5,-2.5,5,-5,-2.5,-5,-2.5,-7.5,-5,-5,2.5,2.5,27.5,-2.5
中二病,-15.5,-5,-1,2.5,-43.5,-15.5,-17.5,-10.5,25,-17.5,-6.5,-13,-41.5,-2.5,22,8.5
プチ整形,-8.5,-9.5,12.5,-7,6.5,-14.5,3,-10,-8,-7,-9,-8.5,-10,6.5,-3,-8
ヤバげ,-9,-8,-7.5,-13.5,-13.5,-24.5,-10.5,-16.5,-9.5,13.5,-19.5,-14.5,-12.5,-18.5,-7.5,-14
コフコフ,0,0,0,0,0,0,0,0,0,0,0,0,0,0,0,0
みかか,5,2.5,2.5,2.5,2.5,12,5,5,12,1.5,2.5,2.5,2.5,-5,-2.5,9.5
おデブ,-27.5,-12.5,-27.5,4.5,-27.5,-8.5,-0.5,0.5,9,0.5,-13,-2,-10,2,3,-1
光天使ブックス,2.5,2.5,2.5,2.5,3.5,2.5,-2.5,2.5,1.5,2.5,-1.5,5,1,-2.5,1.5,2.5
ガン寝,-7,1,0.5,5,-2.5,-4.5,-1.5,-2,-4.5,12.5,1,-5.5,-1,-2.5,-8,2.5
田代,0,0,0,0,0,0,0,0,0,0,0,0,0,0,0,0
フェチ,14.5,-5,-9.5,-6.5,-7.5,-14.5,10,-12,13.5,-16,-12.5,6.5,15.5,-13.5,20,-7
ピンはね,-7,-13.5,-5.5,7.5,-16,-9,-13,-10.5,-11,14.5,-5,-13.5,-7.5,-20,-9,-25
尺八,0,0,0,0,0,0,0,0,0,0,0,0,0,0,0,0
ニコイチ,4,2.5,1.5,2.5,3,2.5,2.5,2.5,1.5,2.5,2.5,1.5,1,-0.5,-0.5,-1.5
バリ,0,0,0,0,0,0,0,0,0,0,0,0,0,0,0,0
ライフライン,8.5,12,8.5,14.5,18.5,10,2.5,13.5,-1.5,14.5,15,14.5,11.5,-14.5,-7,13
VIP,-12.5,-10.5,-10.5,-14.5,12.5,-16,-9.5,-19.5,14,-13,11.5,13.5,12.5,-8.5,12,-6.5
垢,-6,-9,-9.5,9,-11,-24,-10,-12,-12.5,13,12,11.5,-6,-15,-4.5,-14
思い出補正,13.5,9,12.5,5,10,-18,17.5,9,12.5,8,12.5,22.5,12,-14.5,7.5,9.5
ダルメシアーン,6,5,2.5,2.5,0.5,2.5,4.5,2.5,-1,-5,8,2.5,2.5,-2.5,5,2.5
グラボ,3,3,2.5,3.5,5,-4,2.5,3,0.5,2.5,5,3.5,1.5,-0.5,-4.5,1.5
マクド,16,-8,14.5,11.5,15,-22,-9.5,-17.5,-9,-7,14,13.5,16.5,-9.5,21,7
ヤバし,-1.5,-7.5,-3,-2.5,-1,-5,-4,-3,-2.5,-6.5,-7.5,-2.5,-2.5,-5,25,-3
垢バン,-17.5,-12,-12.5,-22.5,-13.5,-25,-22,-12.5,-9,19.5,-13.5,-10.5,-8.5,10.5,-8,-5
雑魚,-16.5,-14.5,-16,-12.5,-4,-25.5,-13,-19.5,8.5,-13.5,-10.5,-12.5,-13,-8,-3,-5.5
チキン野郎,-34.5,-13.5,-9,-17,12,-15.5,9.5,-10.5,10,-6.5,9,7,-10,4.5,5,-9.5
黒ブチ,3,1.5,2.5,1.5,-8.5,2.5,3.5,2.5,-7,2.5,1.5,0.5,1,-0.5,-5,0
ルナティックキモイ,-20.5,-8.5,-17,-15.5,-12,-14.5,-8,-16,-15,13.5,-16.5,-15.5,-11.5,-17,-5,-27
複アカ,4,-4.5,-1.5,3,5.5,2.5,-6,-6.5,3,-5.5,-5,-5,-2,-4,-4,4
自己チュー,-33.5,-7.5,-13.5,-5,-7,-17,-7.5,-16,-8,-9.5,-8.5,-9,-4.5,7,-11.5,-34.5
凡将,0,0,0,0,0,0,0,0,0,0,0,0,0,0,0,0
キザったらしい,-12.5,-8,-15.5,-12,16,-17,-9,-14,-11,-12.5,-10.5,-15,-7,10,9.5,10.5
グダられ,0,0,0,0,0,0,0,0,0,0,0,0,0,0,0,0
希ガス,1,-1.5,-1,3.5,1,-22,1.5,0.5,3.5,-1,-1.5,5.5,1,-0.5,-4,9.5
つらたん,-8,2.5,-4.5,4,-6.5,-15.5,-6,-4.5,-10,4.5,-7,-3,-32.5,-5,-6.5,-2.5
ヤバす,-5,-5,-2,-4.5,-5,-14.5,-7.5,-2.5,3.5,-10,-10.5,-10.5,-7,-4.5,26,-0.5
拡散,-8.5,13,-11.5,-5,13,-8.5,-5.5,-15,-7,12.5,-8.5,-13,-16,-6,-2.5,-9
おまはや,5,2.5,1.5,2.5,3.5,-2.5,-1,2.5,1.5,2.5,-1.5,-2.5,-0.5,-2.5,1.5,2.5
プロデュンヌ,0,0,0,0,0,0,0,0,0,0,0,0,0,0,0,0
さけ茶団,0,0,0,0,0,0,0,0,0,0,0,0,0,0,0,0
ニコ動,17.5,4,2.5,3.5,11,2.5,-2.5,2.5,37.5,-9,3.5,10,3,-3,-2,10.5
今北産業,-9,-10.5,-8,-17.5,15,-30,-7,-11,-13,-10,13.5,-7,-11,-14.5,6,-4
コラボ,15,2.5,2.5,2.5,15,5,-2.5,5,5,2.5,2.5,10,5,-2.5,2.5,2.5
バリ3,5,3,1,2.5,5.5,-2.5,1,1.5,1.5,-2.5,3.5,3,6,-1,-2,1
ツボ,2.5,-2,3.5,-3,2.5,-5.5,-4.5,-2.5,11,-10,3,8.5,5,-6,10.5,4.5
フルボッコ,14,-8,-10,-47.5,14.5,-20.5,-10,-8,11,-16,-7.5,-12,-7,12.5,7.5,4
モテ男,15,-1.5,-1.5,-3,15,-6,-4,0,10.5,1,-1,-3,1.5,3,-1.5,0
ネーム買い,0,0,0,0,0,0,0,-7.5,0,0,0,0,0,0,2.5,0
ヲタク,-25,-10,-14.5,10,-25.5,-4.5,-2,-4,-7.5,13,-2.5,3,-1,2.5,-2.5,3
終わった,-3,-2.5,-1.5,2.5,-5.5,-8.5,-1,-2.5,-3,5,-9,-2.5,-6,-4.5,-24,-2.5
やっべ,-2.5,-2.5,-2.5,-5,-2.5,-16,-2.5,-2.5,-2.5,-5,-27.5,-2.5,-3,-2.5,2.5,-2.5
カラハラ,0,0,0,0,0,0,0,0,0,0,0,0,0,0,0,0
ツッコミ,14,5.5,12.5,-8.5,16.5,-10,10.5,-10,11.5,-7.5,13,8.5,11.5,10.5,23,3
ファミカセ,0,0,0,0,0,0,0,0,0,0,0,0,0,0,0,0
転載厨,-27.5,-10.5,0,-20,-9.5,-13.5,-21,-20,-23,21,0,-8.5,-11.5,-20,8,-18
マンバギャル,-8,-33,-21.5,-8.5,-13,-14.5,-15.5,-13.5,13.5,-14,-11,-15,-9.5,8.5,11.5,-9.5
ネットルーピー,-12,-19.5,-4,-8,-4.5,-5,-15,-21,-15,-22,-3,-1,-2.5,5,-6,-21
キレてる,-2.5,-2.5,-2.5,-5,-2.5,-5,-2.5,-2.5,-2.5,-5,-2.5,-2.5,-2.5,20,2.5,-2.5
モブかわ,9,-2.5,2.5,2.5,2.5,-2.5,19.5,-2.5,2.5,2.5,2.5,2.5,2.5,-2.5,2.5,2.5
ヤストラ,0,0,0,0,0,0,0,0,0,0,0,0,0,0,0,0
ちょも,0,0,0,0,0,0,0,0,0,0,0,0,0,0,0,0
クリパ,8.5,-12,12.5,10,18.5,-9.5,11,-16,15.5,-23.5,13.5,16.5,25,-10.5,14,8.5
ショボい,-22,-2.5,-4,4,-6.5,-5,-5.5,-7,-28,2.5,-2,-4,-12,3,-4.5,-5
ガチホモ,-9,-17.5,-9,-19.5,-10.5,-21.5,-12.5,-20,12.5,-18,-10.5,-12.5,-11.5,-17,-7.5,-21.5
プチぜいたく,18,-4.5,18,14,18.5,-16.5,15,8.5,15.5,-12.5,16.5,16.5,12.5,7.5,13.5,13.5
つるぺた,-13,-7,10,7.5,9,-23.5,11.5,-10,12,-16.5,-14,8.5,-8,-9,5.5,-2.5
ググレカス,-11.5,-12,-8.5,16,-16,-15,-6,-16.5,-7,14,17.5,17.5,11,-12.5,-10,5.5
プチコメ,0,0,0,0,0,0,0,0,0,0,0,0,0,0,0,0
ち?ん(笑),-3,-5,-2.5,2.5,-5.5,-2.5,-6.5,-2.5,-2.5,2.5,-7,-2.5,-2.5,-2.5,-7.5,-2.5
チクり,-14,-16.5,-14.5,14,-17.5,12,-16,14.5,-19.5,20,-14.5,-14,-15.5,-17.5,-18.5,-15
トン,0,0,0,0,0,0,0,0,0,0,0,0,0,0,0,0
コンマイクオリティ,-1,1,-2.5,1,-1.5,-4.5,-4.5,-8.5,3.5,-2,-3,-2.5,-3.5,-3,-2.5,-3
カミカゼ,3.5,1,2,-9.5,1,3,-1,1.5,1,-2.5,1.5,2.5,1.5,-2.5,3,3.5
エア本さん,0,0,0,0,0,0,0,0,0,0,0,0,0,0,0,0
うっとい,-19,-8,-3,-5,-2.5,-7,-11,-9,-15,-7.5,-2,-4,-2.5,4.5,5,-6.5
かわゆい,14.5,-7,9,3.5,11,-14.5,35,-6,9.5,-5.5,1.5,3,2.5,-0.5,7,2.5
ゲット,15.5,-11.5,10.5,-6.5,16,-11.5,11,-7,12,-7.5,8.5,7.5,9,-5.5,10.5,5.5
だべント,0,0,0,0,0,0,0,0,0,0,0,0,0,0,0,0
オウフ,-2,-5,-2.5,2.5,-2.5,-2.5,2.5,-2.5,2.5,5,-7.5,-10,2.5,-2.5,16.5,5
テレビ左翼,-29,-25,-7.5,-32,-4,8,-25,-2.5,-19,-19.5,-2,-11,-7,17,2.5,-25
団チャ,0,0,0,0,0,0,0,0,0,0,0,0,0,0,0,0
恋活,10,-9.5,17,-10.5,9.5,-17,11.5,-11.5,12.5,-9,-7.5,13.5,12,7.5,16.5,-3.5
ってゆーか,14,-7,-8,-5.5,12,-13.5,16,-10,-6.5,-10.5,12,7.5,9.5,9,8.5,6.5
メルアド,18.5,12,10,9.5,12,7,11.5,-13.5,12,14.5,14.5,10.5,11,-8,14.5,8.5
氏ね,-5.5,-1.5,-5.5,-28,-4,-5,-4,-2.5,0.5,-5,-4,-2.5,-2.5,1,2.5,3.5
メンヘラ,-10,11.5,15,16,-13.5,12.5,12,10.5,-7.5,-14.5,-13,-13.5,-14.5,-25,-14,-5
フラゲ,11.5,-7.5,-9.5,-10.5,9,-35,-7.5,-10,-14,-10,-8.5,9,12,-2.5,12.5,3.5
メガッサ,0,0,0,0,0,0,0,0,0,0,0,0,0,0,0,0
ロリコン,12,-6,-7,9,13.5,-17.5,-11.5,10.5,-16.5,18.5,-0.5,-19,-7.5,-10.5,-7.5,-8.5
ズッコンバッ婚,-11.5,-30,-21.5,-13.5,13.5,-28.5,11.5,-25,9,-17,-15.5,-8.5,4,15.5,7,4.5
汁,-14.5,-13,-14,-14,-11.5,-16.5,-15.5,-11,12,9,-8,-10.5,-7.5,-15,-8.5,-21
メンヘル,-9.5,12,13,10,17,-10,15,17.5,10.5,-9,-9.5,-21,-13.5,-15.5,-12.5,-7.5
ググレユス,0,0,0,0,0,0,0,0,0,0,0,0,0,0,0,0
よさげ,38.5,-7.5,12.5,-12.5,12.5,-20,12.5,-15,12.5,-10,7.5,15,17.5,5,17.5,42.5
コンプラ,0,0,0,0,0,0,0,0,0,0,0,0,0,0,0,0
スパロボ補正,7,-10,-14.5,12,-13.5,7,-6.5,-13.5,9,9,-14.5,10,-10.5,-10.5,-7,7
学歴ロンダリング,-0.5,3,1.5,1.5,1,9.5,-1,4,2.5,1.5,2.5,8.5,1,-8.5,2.5,1
モテモテ,28,1,1.5,3,9,-3,-10,-2,-2.5,-4,3.5,1.5,2.5,-2.5,2.5,3
ガチエロ,-1.5,-25,-1.5,2.5,-2,-1.5,-1,-4,-4.5,-1.5,-1.5,-2,-3,0.5,12.5,-2
ロキ,1.5,4.5,1,2.5,4,2.5,1,0.5,-1,3,0.5,1.5,0.5,-15.5,-4,1
草不可避,4.5,-4,-6.5,5.5,-3,-16,-4,-1.5,31.5,-11,3,-3,9,-3.5,15,9.5
デジカ,0,0,0,0,0,0,0,0,0,0,0,0,0,0,0,0
フェードアウト,-3,2.5,-7.5,4.5,-3,5.5,-4,4,-5,8.5,-6,-6.5,-3,-4,-13,0
ヌン,0,0,0,0,0,0,0,0,0,0,0,0,0,0,0,0
ゆるきゃら,12.5,11.5,-5.5,12,21.5,-26,18,-14.5,14.5,-10,14.5,10.5,23,-6,11,8
きのこる先生,11,2.5,1.5,8,2.5,6.5,9,2.5,22,3,3,4.5,6.5,-3,2.5,15
伽羅,0,0,0,0,0,0,0,0,0,0,0,0,0,0,0,0
洋物,-10,12,11,14,13,-17.5,12.5,11.5,11,9,5,6.5,14,11.5,14,8.5
パンピー,-10,-7.5,-14.5,-9.5,12,-24.5,-10.5,-11.5,-12.5,-7.5,-12,-12.5,-7.5,-8.5,-5.5,-9
オブラートがこい,-1.5,-11.5,-5,-13,3.5,-14.5,-14,-16,8.5,-8,-2,-3,-1,0.5,8,3.5
すんげー,28.5,-7.5,12.5,-9.5,28.5,-19.5,-9.5,-8.5,11,-12,9.5,14,10.5,8,16,9
ワンフェス,0,0,0,0,0,0,0,0,0,0,0,0,0,0,0,0
乙,-10.5,-7.5,-5.5,-7.5,8.5,-22,9.5,-10,11.5,11.5,6.5,7,10.5,-11.5,-4.5,-7.5
泣きゲー,16,-12.5,13.5,7,-13.5,-14.5,4.5,-5,11.5,12.5,-11.5,15.5,-13.5,-10.5,-10.5,8.5
ウラヤマシス,16,-11,-5,-15.5,12.5,-15.5,20,-19,7.5,-11,12.5,15.5,16.5,8,16,6
凹まし,2.5,-0.5,1,2.5,2.5,-2.5,-2.5,2.5,2.5,-2.5,-1,2.5,1.5,-5,-1,2.5
割れ,-22.5,-26,-6.5,1,-2.5,-1,-13,-18,-8.5,-12,-4,-4.5,-5,4,-4,-13
うぽつ,5,3.5,4,3.5,4.5,-7.5,1,1.5,5,-5,5,9,14.5,-2,15,8
特定アジア,0,0,0,0,0,0,0,0,0,0,0,0,0,0,0,0
はぁと,17,-8.5,18.5,14,14,-8.5,11.5,-7.5,-16,-6.5,15,15,19,-5,12.5,9
かます,14.5,-8,-8.5,-16,13.5,-18,19,-19.5,13.5,-20.5,9,-16,15,11.5,20,12
非モテ,-29.5,-1.5,-5,3,-15,-10,-10.5,-6.5,-10,5.5,-13.5,-11.5,-25,-2.5,-8.5,-9
痛男,-39.5,-17.5,-17,-7.5,12,-17,-8.5,-21,-18,-7.5,-9,-8,-14.5,6.5,5,-19
はい論破,-6.5,-13,-6.5,-7,-12.5,-31.5,-24,-12,-23,-25,-8,-8.5,10,15,7,-9
うざさ,-12,-2.5,-2.5,-2.5,-1.5,-2.5,-2,-5,-1.5,-20,-2,-2.5,-1.5,2.5,-1.5,-2.5
ジョイナス,0,0,0,0,0,0,0,0,0,0,0,0,0,0,0,0
メニエってる,0,0,0,0,0,0,0,0,0,0,0,0,0,0,0,0
ヨロチク,-2.5,-15,-10,-5,2.5,-25,-15,-10,0,-5,-2.5,-2.5,-2.5,5,5,-2.5
うｐ主,6,2.5,2.5,1.5,1.5,2.5,2.5,4,11,-2,3,13.5,9.5,-2.5,3,1.5
アポる,4,-6,2.5,1.5,1.5,-17,-1,-3,-0.5,2.5,-0.5,2.5,1,-1,4,-2
しゃばい,-7,-9.5,-12.5,-13,-11.5,-17.5,-13,-12.5,-8.5,-9.5,-7.5,-18,-9.5,-17,-4,-7.5
肉食系男子,27.5,-4,-2.5,-4.5,28.5,-1.5,1,-2.5,-0.5,-4.5,-0.5,-1,1,-0.5,4,0
ヲチャ,0,0,0,0,0,0,0,0,0,0,0,0,0,0,0,0
さくたけ,0,0,0,0,0,0,0,0,0,0,0,0,0,0,0,0
壁る,0,0,0,0,0,0,0,0,0,0,0,0,0,0,0,0
ガチタン,0,0,0,0,0,0,0,0,0,0,0,0,0,0,0,0
インスコ,0,0,0,0,0,-15,0,0,0,0,0,0,0,0,0,0
ヤヴァい,3.5,-7,-4,3,3,-10,-11.5,-3,-2.5,-11.5,-19.5,-5.5,-5.5,-2.5,15.5,1
しろくまファミリー,3.5,2.5,1,5,4,2.5,3,2.5,2.5,2.5,2.5,2.5,2.5,-2.5,2.5,2.5
セブイレ,8.5,10.5,11.5,17,12,-25.5,14,-11,-4.5,12,16.5,13,14.5,6.5,13,7.5
やきぶた,0,0,0,0,0,0,0,0,0,0,0,0,0,0,0,0
いらつく,-8,-15.5,-13,-22.5,15,-15.5,-12.5,-20,-9.5,-15,-12,-10,-13.5,34.5,13,-5
ダルビッシュ,5.5,1,0.5,6.5,9.5,0.5,0.5,25.5,1,-1,6,17.5,2.5,-1.5,7,2.5
心友,11,2.5,2.5,1,1,3,0.5,4.5,0.5,2.5,21,3,4,-1.5,-3,3
イキフン,0,0,0,0,0,0,0,0,0,0,0,0,0,0,0,0
引き篭もり,-39.5,-11.5,-5,-4.5,-32,3,-6.5,-5.5,-8,-4.5,-5.5,-4,-12,2.5,-7,-7
悪林檎,0,0,0,0,0,0,0,0,0,0,0,0,0,0,0,0
ピロピロ,0,0,0,0,0,0,0,0,0,0,0,0,0,0,0,0
あざとイエロー,-1.5,-4,-1,-3,5.5,-5.5,19,-1.5,-2,-5,-1.5,-1.5,-2,-1,2.5,-1
セッチャ,-4.5,-14.5,-2.5,-3,-3,-7,-12.5,-14,-8.5,-2,-3,-10.5,-5,8.5,4,-10.5
ggrks-ググれカス-,-17.5,2.5,-5,-7,2.5,2.5,-16,-6.5,5,-6,3.5,-5,-2,9.5,-5.5,7
神,41.5,-9,15.5,17.5,21.5,-14,10,-14,25,-8.5,7,15,13,-2.5,25,7
確信犯,-11.5,12.5,16,-14.5,12.5,-18,-10,-19,15,18,-9,-10,7.5,10.5,7,3.5
プチプラ,0,0,0,0,0,0,0,0,0,0,0,0,0,0,0,0
さぶさぶ,-1.5,1,-1.5,1.5,-5,-3,-1.5,2.5,-3,3,-4,-2.5,-3,-1,-5,-2
めどい,1,-2.5,1,3,5,-2.5,9,-2,1.5,-3,2.5,3,2.5,-3,4,5
ぬこ,5,-0.5,3,-1,1,-1.5,50,-7,2.5,-1.5,3.5,5.5,3.5,-2,4,15.5
あざとい,-15,-9.5,-8,-8,0,-10,-12,-9,-12,-3.5,-3.5,-0.5,-2,1,4.5,-25
(爆),14,12,-10.5,-8,8.5,-20,10.5,-11,9,6.5,10.5,12,11,5,29.5,9
仮装厨,0,0,0,0,0,0,0,0,0,0,0,0,0,0,0,0
ムズイ,-5.5,-12.5,-12.5,-11.5,12,-28,-10.5,-6,-8.5,-11,-17,-9.5,-10.5,8,-6,-7.5
重いコンダラ,-4,-4.5,0.5,3,-0.5,-2.5,-2.5,-2.5,-1.5,-2.5,-2.5,-2.5,-1.5,-2.5,1,0
あうあうあー,0,0,0,0,0,0,0,0,0,0,0,0,0,0,0,0
黒歴史,-14,-2,-1.5,1.5,-5,3.5,-21,-2.5,1,-2,-5.5,-5,-18,-15.5,3,3
にゃんにゃん,2.5,-3,-2,3,8,-6,19,-1.5,-2.5,-4,1,4.5,4,-1,5,1.5
脳内ミュージック,3.5,2.5,2.5,2.5,2.5,2.5,-2.5,2.5,2.5,-2.5,2.5,5,2.5,-2.5,2.5,5
ドタ出,-5,-2.5,-5,-2.5,-2.5,-2.5,-2.5,-2.5,-5,-2.5,-2.5,-2.5,-2.5,-2.5,-2.5,-2.5
キメセク,-4,-34,-11,-12,-6.5,-6.5,-7.5,-18,-6,-9.5,-4.5,-8,-9,-13,-2.5,-7
キャワイイ,8,-4.5,-4,5,3,-13,27.5,-8.5,-2,-3,5,3.5,7,-0.5,1.5,3
ボコる,-23.5,-7.5,-8.5,-33.5,-1.5,-4,-12.5,-9,-2.5,-5,-2.5,-10,-6,-11.5,10,-15.5
ぽちっ,11.5,-11.5,14,-12,14.5,-13,17.5,7.5,15,10.5,15,6,10.5,-7.5,19,14.5
ほむほむ,13.5,9,14.5,-5.5,12.5,-10.5,24.5,-10,13,11,17,-12.5,12.5,-10,11.5,-2.5
クレ,0,0,0,0,0,0,0,0,0,0,0,0,0,0,0,0
ベクレてる,-15.5,-5,-4.5,-11.5,-10.5,-2,-7.5,-5,-13.5,-11.5,-9,-8,-10.5,3.5,4,-2.5
逆神,-5,1,1,3.5,-2.5,2.5,-4.5,-2.5,2.5,-7.5,-2.5,-7.5,2.5,-3,-2.5,1
オザワる,0,0,0,0,0,0,0,0,0,0,0,0,0,0,0,0
フジる,2.5,-2,-1,-3,3,-6,1.5,-1,1.5,-2,3,5,1.5,-2,3,0
巨乳長,0,0,0,0,0,0,0,0,0,0,0,0,0,0,0,0
ババア,-27,-24.5,-8.5,-17.5,-15,-15,-16,-23,-22.5,-12.5,-23.5,-12.5,-14.5,17,-18,-25
草食系男子,-21,-5,2.5,2.5,-30,2.5,-5,2.5,-2.5,2.5,2.5,-2.5,-2.5,-2.5,-2.5,-2.5
おぜうさま,4,6,6.5,-2.5,6.5,-6,18,-3,1.5,-6.5,5.5,2.5,3,-8.5,6.5,12
シレっと,-9,-12.5,-8,-13.5,10,-13.5,-6,-16.5,7.5,11.5,-7.5,7.5,-5.5,-9,12,9.5
ぬぽお,0,0,0,0,0,0,0,0,0,0,0,0,0,0,0,0
盛り師,-1.5,2.5,-2,-2.5,2.5,2.5,2.5,2.5,-2.5,-2.5,2.5,2.5,-2.5,-2.5,2.5,0
質問厨,-13.5,-19.5,-3,-5,-3,-2.5,-13,-27,-14.5,-31,-1,-4.5,-2.5,9.5,8,-19.5
レア,29,4.5,4,2.5,6.5,-1.5,3.5,1.5,0.5,1.5,3.5,5.5,2.5,-2.5,-7,1
トイプー,3,4.5,1.5,1.5,3,-3,31.5,1.5,2.5,4,3.5,3,5,-2,4,4
見る専,-13,6.5,-11.5,16,-9,-17,-7,20,-11.5,14.5,14.5,10.5,14.5,-12,-6.5,-8
腐女子,-27.5,-18,-25.5,10.5,-27,-16,-18,-12.5,-15.5,13,-24,-11.5,-15.5,-20.5,-19.5,-21.5
ジパンツ,0,0,0,0,0,0,0,0,0,0,0,0,0,0,0,0
つうか,-2,-25,-17.5,-2.5,-2,-25,-10.5,-9,-2.5,-5.5,-1,-1,-1,1,-3,-1
直リンク,3,0.5,1,1.5,1.5,1.5,-1.5,0.5,-1,2.5,3.5,5.5,2.5,-1,-1.5,0.5
ヒットマン,2.5,2.5,3,1,-3,5.5,-2,1,3,3.5,-1,2.5,1,-6.5,-5,4
引退フラグ,-12,-13,-13,8.5,-11,-8.5,-15.5,-12,-11.5,10.5,-7.5,8,-7.5,-4.5,-12.5,-8
ビビり,-15.5,-9,9.5,11.5,-8,-12.5,-9,-8,14.5,-9,-10.5,-24,-9.5,-12.5,7.5,-10
MMK,0,0,0,0,0,0,0,0,0,0,0,0,0,0,0,0
余裕でした,24.5,-9,11.5,19,15.5,-12,-11.5,-16,-16,-16.5,15,14,15.5,14,6.5,12.5
ピコリット,0,0,0,0,0,0,0,0,0,0,0,0,0,0,0,0
もうだめぽ,-39.5,-1.5,-1,3,-5,-2.5,-2,-2.5,-2.5,5,-25.5,-7,-24,-4,-2.5,-2
オヌヌメ,2.5,2.5,1.5,1.5,6.5,-18,2.5,-3,5,3.5,3.5,12.5,6,0,4,6.5
ブラウザゲー,14.5,-5,11.5,-21,-12.5,-20.5,7,-17.5,14.5,-17,5.5,10.5,9.5,-15,10,6
オンザ眉毛,0,0,0,0,0,0,0,0,0,0,0,0,0,0,0,0
オキドキ,0,0,0,0,0,0,0,0,0,0,0,0,0,0,0,0
ヒトリ祭り,-11.5,-6,-18.5,-8.5,14,-6.5,-5,-8,-8.5,-13,-8,-5,-8.5,6,9,-3.5
スレッダー,2.5,2.5,5,2.5,-2.5,2.5,2.5,2.5,-9.5,2.5,2.5,2.5,-2.5,-2.5,-2.5,2.5
束,1,1.5,1.5,1,1,1.5,1.5,0.5,-2.5,1,1.5,0.5,0,0,-2,0
MK5,7.5,-9,-9.5,-14.5,12.5,-14,14,-12,18,-10.5,7.5,-12,10.5,-10,13,4.5
ハブって,-17,-7.5,-10.5,-9.5,-14,-15,-10,-18.5,-11.5,19,-9.5,-8,-17,-7.5,-2.5,-8
電波ジャック,-11,-7.5,7,-14,-4.5,-16,-9.5,-17.5,-10,22.5,-8.5,-15.5,-8,6.5,-2.5,-5
リア終,-19,3,-2,2.5,-11.5,-4.5,-11.5,-2.5,3.5,8.5,-10,-7.5,-13,-13.5,-3,-10.5
メリクリ,5,2.5,2.5,2.5,32.5,2.5,2.5,-2.5,2.5,4,2.5,31,24,-1,22.5,3.5
肉棒,-4,-40.5,-16,1,-2.5,3,-11.5,-16.5,-3,1.5,1,-6,-3,-2,2.5,-2.5
（キリッ,10.5,-2,-3,4,13.5,-17.5,-14,-8.5,21.5,-7.5,-5,6,-9,-5.5,9.5,10
ウザい,-37,-11.5,-16.5,-4,-2.5,-2,-7.5,-4.5,-4,-27,-5,-2,-10,5.5,-2,-8.5
オ ワ タ,-32,-4.5,-1.5,3,-5,-2.5,2.5,-1.5,-1.5,11.5,-12.5,-5.5,-14,-5.5,-26.5,1
ケチャラー,11.5,-11,-35.5,-10,8.5,-11.5,5,-1.5,-7.5,-12,7,-21,12,-14.5,16,-12
首ちょんぱ,-0.5,0,0,0,0,-8,0,0,0,0,0,0,0,0,0,0
意味不,-14.5,-11.5,-3,-10,-2,-11.5,-9,-12,-16.5,-4,-0.5,-7,-3,6.5,-2.5,-5
みった〜,0,0,0,0,0,0,0,0,0,0,0,0,0,0,0,0
ヤンキー,-15.5,-28.5,-16,-28.5,-17,-17,-12.5,-13,9,-19,-6,-8,-10,-13.5,14,-10.5
萌え豚,-11.5,-8.5,-20.5,-16,-15,-16.5,-10,-17,-12,-18.5,11.5,8.5,11.5,-13,13.5,-6
ヌクモリティ,7.5,6.5,6,5.5,3,4,3,4,1,9,31.5,10.5,9.5,-2.5,-11,8.5
薔薇ーい,-2.5,0,-2.5,0,0,0,0,0,0,0,0,0,0,0,0,0
とゆうか,-1,-5,-1,2.5,-1,-22.5,-1,-2.5,-1,-2.5,-1.5,-2.5,-2.5,-2.5,-2.5,-5
忍殺語,8,-4.5,-11,-7.5,6,-6,8,-7,11.5,-4.5,-5.5,6,9,-6,7,5
超失踪,0,0,0,0,0,0,0,0,0,0,0,0,0,0,0,0
兄貴飲み,0,0,0,0,0,0,0,0,0,0,0,0,0,0,0,0
ハスキー,13,7,-11.5,-7,-6,-6,-10,-4,5,-3.5,10,-11.5,-7.5,14,5.5,4.5
爆,0,0,0,0,0,0,0,0,0,0,0,0,0,0,0,0
プチバブル,13,-7,8,9.5,12.5,-11.5,12.5,-20,8,6,13.5,13.5,7.5,-10.5,13,5.5
品,0,0,0,0,0,0,0,0,0,0,0,0,0,0,0,0
ひいた,-22.5,-2.5,-2.5,2.5,-5,-2.5,-12.5,-5,-7.5,-2.5,-2.5,-13,-2.5,2.5,-2.5,-2.5
密林,1,2.5,2.5,1,-1,2.5,-2,1.5,-1,1.5,-4.5,-4,-2,-4.5,0,0.5
コミュ力,12,-6,10,8,12.5,-10.5,-10.5,-9,10.5,-10,7.5,8.5,12.5,7.5,10.5,10
TKB,0.5,-30,-1,3,3,-12.5,-4,-10,1,-2.5,1.5,0.5,0,0,5,-10
オサレ,22.5,8,28,-4,19,-3,10.5,-11.5,8,-12.5,-13,-6.5,10,3.5,5,3
もへもへ,0,0,0,0,0,0,0,0,0,0,0,0,0,0,0,0
すっげー,3.5,-2.5,-2.5,2.5,5,-2.5,-2.5,-2.5,-1,-2.5,-3,-1.5,-1,-2.5,25.5,2.5
犬一頭,0,0,0,0,0,0,0,0,0,0,0,0,0,0,0,0
パイパン,-11,-8.5,-15.5,-11.5,-12,-18.5,-5,-16,-11,16,-10,-8.5,-9.5,-11.5,-7,-8
集合写真厨,-6.5,-10.5,-9,-21,14.5,-13.5,-5.5,-14,12,-17.5,10,13,12,11.5,10,-6.5
いちずっぱい,0,0,0,0,0,0,0,0,0,0,0,0,0,0,0,0
底辺,-31.5,-2.5,-4.5,-5,-35,-2.5,-12.5,-11,-5,-5.5,-3,-2.5,-26.5,3.5,-5,-7
キツイ,-12.5,-4.5,-2,-4.5,-4,-4.5,-2.5,-2.5,-4.5,-2,-2.5,-2,-26.5,1.5,1.5,-5
枝る,0,0,0,0,0,0,0,0,0,0,0,0,0,0,0,0
朝チュン,17,-11.5,12.5,15,15,-25,-10,-15,-11.5,13.5,14,11.5,9,14,12.5,7.5
タイーホ,-10,-3,-1,2.5,-2,-3,-2.5,-2.5,2.5,-4,-15.5,-7.5,-2,-17.5,3.5,1.5
危険厨,-8.5,-11,-2,-4,-2,-1.5,-10.5,-8.5,-8.5,-25,-3,-4,-4.5,6,4.5,-17
嬉し汗,4.5,3.5,-5,1.5,12.5,-3,1.5,3,5,3,5,3.5,8.5,-2.5,10,3.5
マジキチ,-40.5,-8.5,-20,-7.5,-13.5,-27,-12.5,-12.5,-13.5,-14,-17,10,-15.5,-10.5,12.5,-12.5
ヤベェ,5,-11,-15,-7,7,-9,-10.5,-5,1.5,-11.5,-20,-5,-0.5,1,16,-0.5
どや,4,-4,-4.5,3,4.5,-2,-25.5,-4.5,3.5,-24.5,5,-6,2.5,1,8.5,5
デラ,0,0,0,0,0,0,0,0,0,0,0,0,0,0,0,0
スパ厨,-5,-7.5,-3,-5.5,-4,-2.5,-14.5,-8,-2.5,-11,-2,-1.5,-5.5,3,-1,-6.5
アシヤレーヌ,2.5,12,8,8,2.5,6,2.5,3.5,-4.5,4,1.5,6,0.5,-4,-2.5,0.5
マジレス,-12,-12.5,14.5,9,-12.5,10,-8.5,9.5,-12.5,12,14,-7,4.5,12.5,-9.5,-4
鮪,0,0,0,0,0,0,0,0,0,0,0,0,0,0,0,0
yuke,0,0,0,0,0,0,0,0,0,0,0,0,0,0,0,0
サヨク,-6.5,-8.5,-11,-18,-4.5,-6.5,-15.5,-4.5,-7,-11,-1,-2.5,-2,5.5,9,-10.5
キショイ,-36.5,-2.5,-27.5,-2.5,-3,-2.5,-5,-2.5,-2.5,-2.5,-2.5,-2,-2.5,1,-1.5,-9
てゆか,-4.5,-5,-2.5,-4.5,2.5,-45,-10,-13.5,-10,-5,-1.5,-2.5,-1.5,2.5,2.5,-2.5
おそよう,-4,-2.5,-2.5,5,-2,-3,1.5,-0.5,3.5,9.5,-7,-8,-4,-1.5,-5.5,-1.5
肛門,0,0,0,0,0,0,0,0,0,0,0,0,0,0,0,0
厨房,-23.5,-6.5,-7.5,-4,-2.5,-7.5,-13,-17,3,-11,3,-4,-7,1.5,5,-7.5
下ネタ,-14.5,-36.5,-35,-16,9.5,-15.5,14,-18.5,12,-17.5,12,15.5,14,5,8.5,8.5
俺ガイル,-5,-9,3.5,-16.5,-8.5,-16.5,-11.5,-17.5,-7.5,9,-10.5,-12.5,-10,-7.5,-11.5,-2.5
すしやきにく,0,0,0,0,0,0,0,0,0,0,0,0,0,0,0,0
チョウセンヒトモドキ,-7.5,-14,-16.5,-17.5,-7.5,-17.5,-12,-12.5,-9,-18.5,-9,-18.5,-17.5,14,-19,-10
逝ってよし,-6.5,-11,-17,19,10.5,-15.5,-10.5,-20,-12.5,10,-15.5,15.5,-5,7,-6,-6
バブリィ,0,0,0,0,0,0,0,0,0,0,0,0,0,0,0,0
ゆとり世代,-21,-16,-10,-6.5,-6.5,-5,-11.5,-12,-16,-14,-2.5,-7.5,-7,1.5,3,-15.5
エロ可愛い,-4.5,-14.5,-1.5,2.5,6,-5.5,26.5,-2.5,-2.5,-6,1,3.5,1,-5,8,0.5
インスパイヤ,15,11.5,11,10,16,10,16,13.5,12,7.5,11,12,9.5,-9,12,8
イキがる,-12,-5.5,-13.5,-19,17.5,-16.5,7.5,8,10.5,-8.5,-7,-5,8.5,4,9,-4.5
パニくる,-5,-7,-11,-12,15.5,-14,10,-17,10,-15,-13,-10.5,12.5,-11,14,-10
やばく,-5,-2.5,-2.5,2.5,-2.5,-2.5,-2.5,-2.5,-2.5,-2.5,-5,-5,-2.5,-5,2.5,-2.5
B級トップテン,-2.5,2.5,2.5,2.5,-2.5,2.5,-2.5,2.5,-2.5,2.5,-2.5,2.5,-2.5,-2.5,-2.5,2.5
チャカ,1.5,-2.5,-1.5,-33,-1,-1,-3,-5,-1.5,-2.5,-4,-7.5,-2,-32.5,3.5,-4.5
すんごい,2.5,-1,1,2.5,2.5,-5,1.5,-2,1.5,-5.5,-5,11,18,-4.5,8.5,5
エロゲ,-11.5,-8,16,13.5,-5.5,-11.5,15.5,12.5,17.5,-7,10.5,10.5,5.5,11.5,18,7
投げ厨,-10,-5.5,-9.5,-12.5,-5,-10,-14.5,-13,-10,-10,-7,-11.5,-8,5,-7.5,-6.5
ウザく,-24.5,-6.5,-12.5,-9.5,-11.5,-11.5,-7,14,-13,12,-9,-10,-10,16,-11.5,-40.5
おソロ,14.5,-7.5,10.5,11.5,17,-10,22.5,-7.5,21,-10.5,-15,8.5,12,-10,10.5,-3
オキラ,0,0,0,0,0,0,0,0,0,0,0,0,0,0,0,0
ちょりーす,6.5,-5.5,-7,-12.5,11,-16.5,-4.5,-12,-17.5,-7,-8,-7,4.5,6.5,8,-4
キレず,-2.5,-2.5,-2.5,-2.5,-2.5,-2.5,-5,-2.5,-2.5,-2.5,-2.5,-2.5,-2.5,2.5,-2.5,-2.5
もわもわ,-14.5,3,3,1,5,2.5,8,3,1.5,0.5,2.5,0.5,2.5,1,2.5,2.5
ウゼェ,-7.5,-6,-7,-12,-4.5,-3,-14,-5.5,-3.5,-38,-1.5,-3,-5,8,3,-1.5
空気嫁,-30.5,-16,-13.5,-2,-2.5,-7.5,-1.5,-12,1.5,3.5,-5,-4.5,-3.5,-3,1,-5
ポチっ,1,-2,1,5,3.5,-1,1.5,-1.5,1.5,-1.5,-0.5,15,1,-4,16,0
ネット右翼,-13.5,0,0,0,-25,0,0,0,0,0,0,0,0,-13.5,0,0
ホルスタイン,0,0,0,0,0,0,0,0,0,0,0,0,0,0,0,0
チェンメ,-12.5,-11.5,-18,-5,-8.5,-2.5,-23.5,-11,-10,-10,-2.5,-0.5,-3,12,-1,-13.5
キチョマン,-4.5,-20,-9,-3,-3,-3,-7.5,-23.5,-2.5,-3.5,-4.5,-4.5,-8,1.5,-1.5,-4
チャラチャラ,-5.5,-15.5,-9,-4.5,20,-16,-18,-28,-2.5,-16.5,-5,-7.5,-4.5,3.5,8.5,-5.5
青歯,5,4.5,2.5,2.5,3.5,6.5,3,1,7.5,4,1.5,4,3.5,-1.5,-6.5,2.5
アマゾる,4,3,4,2.5,3,-6,1,-2,1.5,5,2.5,3.5,11.5,0,-2,4
モロ,-10.5,-8.5,-14,-13,-12,-21,-15.5,-21,15.5,-7,-9.5,14.5,7.5,3,13,3
ガッツリ,4,-11.5,-2,-5,4,-4.5,-1.5,2.5,-1.5,-4.5,5,-1.5,4,-4.5,2.5,1.5
ていうか,1.5,-17,-1.5,-3,5.5,-34,-5.5,-11.5,-3,-6.5,5.5,-4.5,1,1.5,5,-2.5
殺人的,-20.5,-31.5,-6.5,-35,-10.5,3.5,-7,-2.5,-2,7,-14.5,-5,-2.5,-25,20.5,0
ピヨる,-14.5,-13,13.5,-14,16,-15.5,14,-13.5,12.5,10,-19,-14,-11.5,-7.5,-5,-4
ニコ厨,-7.5,-7,-10,9,-14,-32,-12.5,-25,14.5,-9.5,-9,-9.5,8,1.5,10.5,-11.5
オフし,2.5,-2.5,-0.5,0,2.5,-1,-2.5,-6.5,-2,-4.5,-3,-3,-1.5,-2,2.5,-1.5
ガレキ,0,0,0,0,0,0,0,0,0,0,0,0,0,0,0,0
ドM,-8.5,-8,-15,-10,-9,-18,-16.5,-17.5,-12,-7,-10.5,-5,9,-7,6.5,-0.5
汚部屋,-33.5,-42,-48.5,3.5,-20,-11.5,-15.5,-7.5,-14.5,11.5,-10.5,-12,-10.5,-16,-21.5,-50
デブる,-21,-1.5,-4,-1,-5,-17.5,-5.5,-5,-1.5,-2,-11.5,-5,-13.5,-3,-1.5,-6.5
ネット左翼,-9,-14,-14,-15.5,-9,-19.5,-15,-14.5,-10,13.5,-17,-12.5,-12.5,-20,-7.5,-13.5
セッション,2.5,1.5,2.5,3,3,3.5,2.5,2.5,-1.5,3,1.5,3.5,1,-1.5,-3,2.5
テンパり,4.5,-4.5,-2,-2.5,3,-6.5,3.5,-4,1.5,-10.5,-30.5,-8,-4,-4.5,30.5,1
ネコ,5,1.5,3,5,3,1,36,1.5,0.5,-1.5,2.5,4.5,5.5,-1.5,-2.5,1.5
はずい,-4,-1,2.5,3.5,4,-4,3,-1,-4,2.5,-12,-3,-2,-1.5,19,0
gkbr,-10,0,-10,0,0,-5,0,0,0,0,0,0,0,0,0,0
中尾隆聖,0,0,0,0,0,0,0,0,0,0,0,0,0,0,0,0
ピュア,14,15,14.5,37,10,-14.5,14,19.5,13,12,16.5,16.5,14.5,-12,15.5,7.5
神字幕,21.5,-8.5,12,-12,17.5,-15.5,9.5,-7.5,20,-13.5,12.5,13.5,10,9,18.5,18.5
ニコラジ,12.5,-9,10,10,13,-17.5,-8.5,-22,11.5,-14,16.5,11.5,12.5,6.5,14,6.5
地球温暖化,-11,15,-7.5,2.5,-21,17,-13,13,-15.5,11,-15,-11.5,-11.5,-20,-10.5,-18.5
ブチ切れ,-15.5,-10,-14,-25,-6,-20.5,-16.5,-15,-19.5,-25,-19.5,-16.5,-15.5,41.5,10.5,-18
ブリ,0,0,0,0,0,0,0,0,0,0,0,0,0,0,0,0
ビジュアル系,7.5,-2.5,20,2.5,19,2.5,4,-7.5,-7.5,-7.5,-5,-5,-2.5,2.5,5,-5
鬼畜,-12,2.5,-0.5,-1.5,-0.5,1.5,-12.5,-2,3.5,1.5,-4.5,-4.5,-1.5,-22,-4,3
猫耳,4,5,2.5,1.5,6,3,40,1,4.5,-2,3,11.5,7,-2,10,7.5
乙女ゲー,-13,-7.5,-14,14,-15.5,-21,-25,14,-16,17.5,-12,-11,-10,-25,-12.5,-19
ktkr,20,-15,-12.5,-11.5,16,-22.5,12.5,-13.5,13.5,-17.5,5,16.5,33.5,3.5,42.5,17
ボヤく,-9.5,-2.5,-5,2.5,-6.5,-3,-6,-5.5,-6.5,3,-1.5,-2,-2.5,-2.5,-7,-2.5
レス,5,4,3,0.5,4.5,1.5,5,1.5,3.5,-2,2.5,3,1.5,-0.5,4,2.5
ありえなーい,7.5,-9,-2.5,-15,8.5,-21,11.5,-25,-11.5,-16,2,-12,7,5.5,8,-5
わこつ,5,2.5,5.5,10,6.5,-7,1,6,1.5,1,4.5,4.5,9,0,9,10
パンパカ,0,0,0,0,0,0,0,0,0,0,0,0,0,0,0,0
カモられ,-11.5,-10,-11.5,-10.5,-11,-13.5,-18.5,-13,-11.5,-17,-14.5,-8,-11.5,-10.5,-10.5,-19
